swda_filename,ptb_basename,conversation_no,transcript_index,act_tag,caller,utterance_index,subutterance_index,text,pos,trees,ptb_treenumbers
sw10utt/sw_1005_2693.utt,2/sw2693,2693,0,o,A,1,1,"All right,  /","All/UH right/UH ,/,",,
sw10utt/sw_1005_2693.utt,2/sw2693,2693,1,ad,A,1,2,do you want to start out? /,do/VBP you/PRP want/VB to/TO start/VB out/RP ?/.,,
sw10utt/sw_1005_2693.utt,2/sw2693,2693,2,aa,B,2,1,"{D Well, } it'll be real easy for us, /","Well/UH ,/, it/PRP 'll/MD be/VB real/RB easy/JJ for/IN us/PRP ,/,",,
sw10utt/sw_1005_2693.utt,2/sw2693,2693,3,x,A,3,1,<Cough>  <<sounds like a light cough>>.,,,
sw10utt/sw_1005_2693.utt,2/sw2693,2693,4,sd,B,4,1,"{C because } [ we're both, + my husband and I are  ] vegetarians. /","because/IN we/PRP 're/VBP both/DT ,/, my/PRP$ husband/NN and/CC I/PRP are/VBP vegetarians/NNS ./.",,
sw10utt/sw_1005_2693.utt,2/sw2693,2693,5,qy,A,5,1,"{F Oh, } are you really? /","Oh/UH ,/, are/VBP you/PRP really/RB ?/.",,
sw10utt/sw_1005_2693.utt,2/sw2693,2693,6,ny,B,6,1,"{C So, } yeah.  /","So/RB ,/, yeah/UH ./.",,
sw10utt/sw_1005_2693.utt,2/sw2693,2693,7,sd^e,B,6,2,"{C So } [ that's + ] the first thing we look for,","So/RB that/DT 's/BES the/DT first/JJ thing/NN we/PRP look/VBP for/IN ,/,",,
sw10utt/sw_1005_2693.utt,2/sw2693,2693,8,bk,A,7,1,# Oh.  # /,Oh/UH ./.,,
sw10utt/sw_1005_2693.utt,2/sw2693,2693,9,+,B,8,1,# is # if we can eat there or not. /,is/VBZ if/IN we/PRP can/MD eat/VB there/RB or/CC not/RB ./.,,
sw10utt/sw_1005_2693.utt,2/sw2693,2693,10,qy,A,9,1,Are you strict vegetarians? /,Are/VBP you/PRP strict/JJ vegetarians/NNS ?/.,,
sw10utt/sw_1005_2693.utt,2/sw2693,2693,11,ng,B,10,1,We're not vegan vegetarians.  /,We/PRP 're/VBP not/RB vegan/JJ vegetarians/NNS ./.,,
sw10utt/sw_1005_2693.utt,2/sw2693,2693,12,sd,B,10,2,"[ We do, + we're  ] ovolacto.  /","We/PRP do/VBP ,/, we/PRP 're/VBP ovolacto/JJ ./.",,
sw10utt/sw_1005_2693.utt,2/sw2693,2693,13,sd,B,10,3,"We do eat, {F uh, } eggs [ and, + and  ] milk products. /","We/PRP do/VBP eat/VB ,/, uh/UH ,/, eggs/NNS and/CC ,/, and/CC milk/NN products/NNS ./.",,
sw10utt/sw_1005_2693.utt,2/sw2693,2693,14,b,A,11,1,Uh-huh. /,Uh-huh/UH ./.,,
sw10utt/sw_1005_2693.utt,2/sw2693,2693,15,sd,B,12,1,"I used to be a complete vegan vegetarian,","I/PRP used/VBD to/TO be/VB a/DT complete/JJ vegan/NN vegetarian/NN ,/,",,
sw10utt/sw_1005_2693.utt,2/sw2693,2693,16,b,A,13,1,# Uh-huh. # /,Uh-huh/UH ./.,,
sw10utt/sw_1005_2693.utt,2/sw2693,2693,17,+,B,14,1,# where # I didn't eat any animal products at all. /,where/WRB I/PRP did/VBD n't/RB eat/VB any/DT animal/NN products/NNS at/IN all/DT ./.,,
sw10utt/sw_1005_2693.utt,2/sw2693,2693,18,b,A,15,1,Uh-huh. /,Uh-huh/UH ./.,,
sw10utt/sw_1005_2693.utt,2/sw2693,2693,19,sd,B,16,1,"{C But, } {F um, } [ it  was, + it's ] really difficult in the area if you don't have,  {D you know, } the products that you can get.  /","But/CC ,/, um/UH ,/, it/PRP was/VBD ,/, it/PRP 's/BES really/RB difficult/JJ in/IN the/DT area/NN if/IN you/PRP do/VBP n't/RB have/VB ,/, you/PRP know/VBP ,/, the/DT products/NNS that/WDT you/PRP can/MD get/VB ./.",,
sw10utt/sw_1005_2693.utt,2/sw2693,2693,20,sd,B,16,2,"{C And } if you go out to dinner,  [ there's virtually, + {D you know, }  there's ] not a whole lot of things you can get. /","And/CC if/IN you/PRP go/VBP out/RP to/IN dinner/NN ,/, there/EX 's/BES virtually/RB ,/, you/PRP know/VBP ,/, there/EX 's/BES not/RB a/DT whole/JJ lot/NN of/IN things/NNS you/PRP can/MD get/VB ./.",,
sw10utt/sw_1005_2693.utt,2/sw2693,2693,21,sv,A,17,1,"There's very few places [ that you, + I'll bet that you  ] could, {F uh, } -/","There/EX 's/BES very/RB few/JJ places/NNS that/IN you/PRP ,/, I/PRP 'll/MD bet/VB that/IN you/PRP could/MD ,/, uh/UH ,/,",,
sw10utt/sw_1005_2693.utt,2/sw2693,2693,22,b,B,18,1,Yeah.  /,Yeah/UH ./.,,
sw10utt/sw_1005_2693.utt,2/sw2693,2693,23,sv,B,18,2,"I think maybe if you were somewhere like California, where they have a lot more vegetarian restaurants --","I/PRP think/VBP maybe/RB if/IN you/PRP were/VBD somewhere/RB like/IN California/NNP ,/, where/WRB they/PRP have/VBP a/DT lot/NN more/JJR vegetarian/JJ restaurants/NNS --/:",,
sw10utt/sw_1005_2693.utt,2/sw2693,2693,24,b,A,19,1,Uh-huh. /,Uh-huh/UH ./.,,
sw10utt/sw_1005_2693.utt,2/sw2693,2693,25,+,B,20,1,-- and stuff. - /,--/: and/CC stuff/NN ./.,,
sw10utt/sw_1005_2693.utt,2/sw2693,2693,26,sd,B,20,2,"{C But } here, basically, you go to an Italian restaurant or you go to a Mexican restaurant,","But/CC here/RB ,/, basically/RB ,/, you/PRP go/VBP to/IN an/DT Italian/JJ restaurant/NN or/CC you/PRP go/VBP to/IN a/DT Mexican/JJ restaurant/NN ,/,",,
sw10utt/sw_1005_2693.utt,2/sw2693,2693,27,b,A,21,1,# Uh-huh. # /,Uh-huh/UH ./.,,
sw10utt/sw_1005_2693.utt,2/sw2693,2693,28,+,B,22,1,"# {D you # know, } [ where you can get foods that, + {D you know, } where  ] you have a little bit more variety as far as the pastas or [ the -- +","you/PRP know/VBP ,/, where/WRB you/PRP can/MD get/VB foods/NNS that/WDT ,/, you/PRP know/VBP ,/, where/WRB you/PRP have/VBP a/DT little/JJ bit/NN more/JJR variety/NN as/RB far/RB as/IN the/DT pastas/NNS or/CC the/DT --/:",,
sw10utt/sw_1005_2693.utt,2/sw2693,2693,29,b,A,23,1,Uh-huh. /,Uh-huh/UH ./.,,
sw10utt/sw_1005_2693.utt,2/sw2693,2693,30,+,B,24,1,"-- the ] corn meal, {D you know, }","--/: the/DT corn/NN meal/NN ,/, you/PRP know/VBP ,/,",,
sw10utt/sw_1005_2693.utt,2/sw2693,2693,31,b,A,25,1,# Yeah. # /,Yeah/UH ./.,,
sw10utt/sw_1005_2693.utt,2/sw2693,2693,32,+,B,26,1,# or # something. /,or/CC something/NN ./.,,
sw10utt/sw_1005_2693.utt,2/sw2693,2693,33,sd,A,27,1,{C And } you --,And/CC you/PRP --/:,,
sw10utt/sw_1005_2693.utt,2/sw2693,2693,34,%@,B,28,1,"{C But, }","But/CC ,/,",,
sw10utt/sw_1005_2693.utt,2/sw2693,2693,35,+,A,29,1,-- wouldn't have the meat products in that  /,--/: would/MD n't/RB have/VB the/DT meat/NN products/NNS in/IN that/DT,,
sw10utt/sw_1005_2693.utt,2/sw2693,2693,36,%,A,29,2,{C and } some. -/,and/CC some/DT ./.,,
sw10utt/sw_1005_2693.utt,2/sw2693,2693,37,+@,B,30,1,"Yeah, /","Yeah/UH ,/,",,
sw10utt/sw_1005_2693.utt,2/sw2693,2693,38,b,A,31,1,# Yeah. # /,Yeah/UH ./.,,
sw10utt/sw_1005_2693.utt,2/sw2693,2693,39,b,B,32,1,"# yeah,  /","yeah/UH ,/,",,
sw10utt/sw_1005_2693.utt,2/sw2693,2693,40,sv,B,32,2,# you have to watch that too.  /,you/PRP have/VBP to/TO watch/VB that/DT too/RB ./.,,
sw10utt/sw_1005_2693.utt,2/sw2693,2693,41,sd,B,32,3,"[ All, + {D you know, } some  ] of the restaurants here they will, {D you know, } l-, - /","All/DT ,/, you/PRP know/VBP ,/, some/DT of/IN the/DT restaurants/NNS here/RB they/PRP will/MD ,/, you/PRP know/VBP ,/, l-/XX ,/,",,
sw10utt/sw_1005_2693.utt,2/sw2693,2693,42,sd,B,32,4,"you can ask them and they'll tell you whether or not they use {D like } lard or,","you/PRP can/MD ask/VB them/PRP and/CC they/PRP 'll/MD tell/VB you/PRP whether/IN or/CC not/RB they/PRP use/VBP like/UH lard/NN or/CC ,/,",,
sw10utt/sw_1005_2693.utt,2/sw2693,2693,43,b,A,33,1,# Uh-huh. # /,Uh-huh/UH ./.,,
sw10utt/sw_1005_2693.utt,2/sw2693,2693,44,+,B,34,1,"# {D you # know, } animal fat to cook with. /","you/PRP know/VBP ,/, animal/NN fat/JJ to/TO cook/VB with/IN ./.",,
sw10utt/sw_1005_2693.utt,2/sw2693,2693,45,b,A,35,1,Uh-huh. /,Uh-huh/UH ./.,,
sw10utt/sw_1005_2693.utt,2/sw2693,2693,46,%,B,36,1,"{C So, } {C but, } {C so } [ that's, + that  ] - /","So/UH ,/, but/CC ,/, so/RB that/DT 's/BES ,/, that/DT",,
sw10utt/sw_1005_2693.utt,2/sw2693,2693,47,sd,B,36,2,we don't really eat out too much. /,we/PRP do/VBP n't/RB really/RB eat/VB out/RP too/RB much/RB ./.,,
sw10utt/sw_1005_2693.utt,2/sw2693,2693,48,b,A,37,1,Yeah. /,Yeah/UH ./.,,
sw10utt/sw_1005_2693.utt,2/sw2693,2693,49,sd,B,38,1,"[ We, + we  ] tend to eat at home.  /","We/PRP ,/, we/PRP tend/VBP to/TO eat/VB at/IN home/NN ./.",,
sw10utt/sw_1005_2693.utt,2/sw2693,2693,50,sd,B,38,2,"{C And } actually, {D you know, } I think [ [ [ we, + we,  ] + we  ] get a ha-, + we have a healthier ] diet than the average person. /","And/CC actually/RB ,/, you/PRP know/VBP ,/, I/PRP think/VBP we/PRP ,/, we/PRP ,/, we/PRP get/VBP a/DT ha-/XX ,/, we/PRP have/VBP a/DT healthier/JJR diet/NN than/IN the/DT average/JJ person/NN ./.",,
sw10utt/sw_1005_2693.utt,2/sw2693,2693,51,b,A,39,1,Uh-huh.  /,Uh-huh/UH ./.,,
sw10utt/sw_1005_2693.utt,2/sw2693,2693,52,qw,A,39,2,How long have you been doing this? /,How/WRB long/RB have/VBP you/PRP been/VBN doing/VBG this/DT ?/.,,
sw10utt/sw_1005_2693.utt,2/sw2693,2693,53,sd,B,40,1,"{F Um, } I've been a vegetarian for, {F uh, } two years now.  /","Um/UH ,/, I/PRP 've/VBP been/VBN a/DT vegetarian/NN for/IN ,/, uh/UH ,/, two/CD years/NNS now/RB ./.",,
sw10utt/sw_1005_2693.utt,2/sw2693,2693,54,sd,B,40,2,"My husband has been one for, {F oh, } just over a year now. /","My/PRP$ husband/NN has/VBZ been/VBN one/CD for/IN ,/, oh/UH ,/, just/RB over/IN a/DT year/NN now/RB ./.",,
sw10utt/sw_1005_2693.utt,2/sw2693,2693,55,b,A,41,1,Uh-huh. /,Uh-huh/UH ./.,,
sw10utt/sw_1005_2693.utt,2/sw2693,2693,56,%,B,42,1,"{C And, } {F uh, } {C so, } -/","And/CC ,/, uh/UH ,/, so/UH ,/,",,
sw10utt/sw_1005_2693.utt,2/sw2693,2693,57,qy,A,43,1,Do you feel that it has improved the way you feel? /,Do/VBP you/PRP feel/VBP that/IN it/PRP has/VBZ improved/VBN the/DT way/NN you/PRP feel/VBP ?/.,,
sw10utt/sw_1005_2693.utt,2/sw2693,2693,58,na,B,44,1,Definitely.  /,Definitely/RB ./.,,
sw10utt/sw_1005_2693.utt,2/sw2693,2693,59,bh,A,45,1,Do you think? /,Do/VBP you/PRP think/VB ?/.,,
sw10utt/sw_1005_2693.utt,2/sw2693,2693,60,sv,B,46,1,"{C And } [ it, + it  ] makes you more aware of what you're eating. /","And/CC it/PRP ,/, it/PRP makes/VBZ you/PRP more/RBR aware/JJ of/IN what/WP you/PRP 're/VBP eating/VBG ./.",,
sw10utt/sw_1005_2693.utt,2/sw2693,2693,61,b,A,47,1,Uh-huh. /,Uh-huh/UH ./.,,
sw10utt/sw_1005_2693.utt,2/sw2693,2693,62,sv,B,48,1,"{C Because } [ you, + you  ] have to be. /","Because/IN you/PRP ,/, you/PRP have/VBP to/TO be/VB ./.",,
sw10utt/sw_1005_2693.utt,2/sw2693,2693,63,b,A,49,1,Uh-huh. /,Uh-huh/UH ./.,,
sw10utt/sw_1005_2693.utt,2/sw2693,2693,64,sv,B,50,1,"{E I mean, } [ you, + you  ] k-, - /","I/PRP mean/VBP ,/, you/PRP ,/, you/PRP k-/XX ,/,",,
sw10utt/sw_1005_2693.utt,2/sw2693,2693,65,sv,B,50,2,"I think [ [ you, + you,  ] + you  ] balance the foods, {F uh, } {D you know, }  /","I/PRP think/VBP you/PRP ,/, you/PRP ,/, you/PRP balance/VBP the/DT foods/NNS ,/, uh/UH ,/, you/PRP know/VBP ,/,",,
sw10utt/sw_1005_2693.utt,2/sw2693,2693,66,sv,B,50,3,"you're more aware of what nutrient, {D you know, } value each thing has,","you/PRP 're/VBP more/RBR aware/JJ of/IN what/WP nutrient/NN ,/, you/PRP know/VBP ,/, value/NN each/DT thing/NN has/VBZ ,/,",,
sw10utt/sw_1005_2693.utt,2/sw2693,2693,67,b,A,51,1,# Uh-huh. # /,Uh-huh/UH ./.,,
sw10utt/sw_1005_2693.utt,2/sw2693,2693,68,+,B,52,1,# and # minerals.  /,and/CC minerals/NNS ./.,,
sw10utt/sw_1005_2693.utt,2/sw2693,2693,69,sv,B,52,2,"{C And } you're just more aware of food [ for energy, +","And/CC you/PRP 're/VBP just/RB more/RBR aware/JJ of/IN food/NN for/IN energy/NN ,/,",,
sw10utt/sw_1005_2693.utt,2/sw2693,2693,70,b,A,53,1,# Uh-huh. # /,Uh-huh/UH ./.,,
sw10utt/sw_1005_2693.utt,2/sw2693,2693,71,+,B,54,1,# for # energy sake. ] /,for/IN energy/NN sake/NN ./.,,
sw10utt/sw_1005_2693.utt,2/sw2693,2693,72,sd,A,55,1,I always thought it would be hard to figure what to eat if you were a vegetarian.  /,I/PRP always/RB thought/VBD it/PRP would/MD be/VB hard/JJ to/TO figure/VB what/WP to/TO eat/VB if/IN you/PRP were/VBD a/DT vegetarian/NN ./.,,
sw10utt/sw_1005_2693.utt,2/sw2693,2693,73,%,A,55,2,"[ How, + how,  ] -/","How/WRB ,/, how/WRB ,/,",,
sw10utt/sw_1005_2693.utt,2/sw2693,2693,74,sd,B,56,1,"{D Well, } that's just it,  /","Well/UH ,/, that/DT 's/BES just/RB it/PRP ,/,",,
sw10utt/sw_1005_2693.utt,2/sw2693,2693,75,sv,B,56,2,"[ you, + you  ] do have to figure it out.","you/PRP ,/, you/PRP do/VBP have/VB to/TO figure/VB it/PRP out/RP ./.",,
sw10utt/sw_1005_2693.utt,2/sw2693,2693,76,b,A,57,1,Yeah. /,Yeah/UH ./.,,
sw10utt/sw_1005_2693.utt,2/sw2693,2693,77,+,B,58,1,"[ And, + and, ] {D you know, } [ to + ] get proteins and things.  /","And/CC ,/, and/CC ,/, you/PRP know/VBP ,/, to/TO get/VB proteins/NNS and/CC things/NNS ./.",,
sw10utt/sw_1005_2693.utt,2/sw2693,2693,78,sd,B,58,2,"{C And } when I was a vegan, it's, {D you know, } - /","And/CC when/WRB I/PRP was/VBD a/DT vegan/NN ,/, it/PRP 's/BES ,/, you/PRP know/VBP ,/,",,
sw10utt/sw_1005_2693.utt,2/sw2693,2693,79,sv,B,58,3,you have to consider calcium and iron and --,you/PRP have/VBP to/TO consider/VB calcium/NN and/CC iron/NN and/CC --/:,,
sw10utt/sw_1005_2693.utt,2/sw2693,2693,80,b,A,59,1,Uh-huh. /,Uh-huh/UH ./.,,
sw10utt/sw_1005_2693.utt,2/sw2693,2693,81,+,B,60,1,"-- things like that  [ you, + you're  ] not even getting through your milk products, /","--/: things/NNS like/IN that/DT you/PRP ,/, you/PRP 're/VBP not/RB even/RB getting/VBG through/IN your/PRP$ milk/NN products/NNS ,/,",,
sw10utt/sw_1005_2693.utt,2/sw2693,2693,82,b,A,61,1,# Uh-huh. # /,Uh-huh/UH ./.,,
sw10utt/sw_1005_2693.utt,2/sw2693,2693,83,sv,B,62,1,# your # egg products.,your/PRP$ egg/NN products/NNS ./.,,
sw10utt/sw_1005_2693.utt,2/sw2693,2693,84,^2,A,63,1,{C Because } you don't eat any of those things. /,Because/IN you/PRP do/VBP n't/RB eat/VB any/DT of/IN those/DT things/NNS ./.,,
sw10utt/sw_1005_2693.utt,2/sw2693,2693,85,+,B,64,1,"If you don't eat any of those,  /","If/IN you/PRP do/VBP n't/RB eat/VB any/DT of/IN those/DT ,/,",,
sw10utt/sw_1005_2693.utt,2/sw2693,2693,86,sv,B,64,2,{C but } actually you can get everything you need through vegetables.  /,but/CC actually/RB you/PRP can/MD get/VB everything/NN you/PRP need/VBP through/IN vegetables/NNS ./.,,
sw10utt/sw_1005_2693.utt,2/sw2693,2693,87,sv,B,64,3,"{E I mean, }  [ there are tra-, +  [ there are, +  there are, ] ] - /","I/PRP mean/VBP ,/, there/EX are/VBP tra-/XX ,/, there/EX are/VBP ,/, there/EX are/VBP ,/,",,
sw10utt/sw_1005_2693.utt,2/sw2693,2693,88,sv,B,64,4,you actually you can get more calcium through leafy green vegetables than you can get through milk products. /,you/PRP actually/RB you/PRP can/MD get/VB more/JJR calcium/NN through/IN leafy/JJ green/JJ vegetables/NNS than/IN you/PRP can/MD get/VB through/IN milk/NN products/NNS ./.,,
sw10utt/sw_1005_2693.utt,2/sw2693,2693,89,bh,A,65,1,Is that right? /,Is/VBZ that/DT right/JJ ?/.,,
sw10utt/sw_1005_2693.utt,2/sw2693,2693,90,sv,B,66,1,A lot of people don't know that. /,A/DT lot/NN of/IN people/NNS do/VBP n't/RB know/VB that/DT ./.,,
sw10utt/sw_1005_2693.utt,2/sw2693,2693,91,b,A,67,1,Uh-huh. /,Uh-huh/UH ./.,,
sw10utt/sw_1005_2693.utt,2/sw2693,2693,92,sv,B,68,1,"{D Well, } the thing is that milk products, - /","Well/UH ,/, the/DT thing/NN is/VBZ that/IN milk/NN products/NNS ,/,",,
sw10utt/sw_1005_2693.utt,2/sw2693,2693,93,sv,B,68,2,"our bodies [ don't, + {F uh, } don't,  ] {F uh, } - /","our/PRP$ bodies/NNS do/VBP n't/RB ,/, uh/UH ,/, do/VBP n't/RB ,/, uh/UH ,/,",,
sw10utt/sw_1005_2693.utt,2/sw2693,2693,94,%,B,68,3,"the lactose, - /","the/DT lactose/NN ,/,",,
sw10utt/sw_1005_2693.utt,2/sw2693,2693,95,sv,B,68,4,"that kind of milk, it doesn't, -/","that/DT kind/NN of/IN milk/NN ,/, it/PRP does/VBZ n't/RB ,/,",,
sw10utt/sw_1005_2693.utt,2/sw2693,2693,96,b,A,69,1,# Uh-huh. # /,Uh-huh/UH ./.,,
sw10utt/sw_1005_2693.utt,2/sw2693,2693,97,%,B,70,1,"# our, # - /","our/PRP$ ,/,",,
sw10utt/sw_1005_2693.utt,2/sw2693,2693,98,sv,B,70,2,"[ we, + we  ] tend to, {F uh, } - /","we/PRP ,/, we/PRP tend/VBP to/TO ,/, uh/UH ,/,",,
sw10utt/sw_1005_2693.utt,2/sw2693,2693,99,qw,B,70,3,what's it called?  /,what/WP 's/BES it/PRP called/VBN ?/.,,
sw10utt/sw_1005_2693.utt,2/sw2693,2693,100,sv,B,70,4,"We don't synthesize [ the, + the  ] calcium the --","We/PRP do/VBP n't/RB synthesize/VB the/DT ,/, the/DT calcium/NN the/DT --/:",,
sw10utt/sw_1005_2693.utt,2/sw2693,2693,101,sv,A,71,1,"[ We, + we  ] throw more of it [ off --","We/PRP ,/, we/PRP throw/VBP more/JJR of/IN it/PRP off/RB --/:",,
sw10utt/sw_1005_2693.utt,2/sw2693,2693,102,+,B,72,1,-- same way. /,--/: same/JJ way/NN ./.,,
sw10utt/sw_1005_2693.utt,2/sw2693,2693,103,+,A,73,1,"-- our bod-, + out,   {E in other words. } ] /","--/: our/PRP$ bod-/XX ,/, out/RB ,/, in/IN other/JJ words/NNS ./.",,
sw10utt/sw_1005_2693.utt,2/sw2693,2693,104,b,B,74,1,Yeah.  /,Yeah/UH ./.,,
sw10utt/sw_1005_2693.utt,2/sw2693,2693,105,sv,B,74,2,"[ We, + we  ] slough some of it,  /","We/PRP ,/, we/PRP slough/VBP some/DT of/IN it/PRP ,/,",,
sw10utt/sw_1005_2693.utt,2/sw2693,2693,106,sv,B,74,3,"[ [ we, + we  ] send, + we send  ] some of it out because [ it, + our body  ] doesn't accept some of it. /","we/PRP ,/, we/PRP send/VBP ,/, we/PRP send/VBP some/DT of/IN it/PRP out/RB because/IN it/PRP ,/, our/PRP$ body/NN does/VBZ n't/RB accept/VB some/DT of/IN it/PRP ./.",,
sw10utt/sw_1005_2693.utt,2/sw2693,2693,107,b,A,75,1,Uh-huh. /,Uh-huh/UH ./.,,
sw10utt/sw_1005_2693.utt,2/sw2693,2693,108,sv,B,76,1,"{C So } [ we're not utilizing, + we're,  ] - /","So/RB we/PRP 're/VBP not/RB utilizing/VBG ,/, we/PRP 're/VBP ,/,",,
sw10utt/sw_1005_2693.utt,2/sw2693,2693,109,sv,B,76,2,"[ when it, + when it  ] gets rid of some of  that, {F um, } that we can't use, [ it get rids, + it gets rid  ] of some of the calcium.","when/WRB it/PRP ,/, when/WRB it/PRP gets/VBZ rid/VBN of/IN some/DT of/IN that/DT ,/, um/UH ,/, that/IN we/PRP ca/MD n't/RB use/VB ,/, it/PRP get/VBP rids/NNS ,/, it/PRP gets/VBZ rid/VBN of/IN some/DT of/IN the/DT calcium/NN ./.",,
sw10utt/sw_1005_2693.utt,2/sw2693,2693,110,b,A,77,1,Uh-huh. /,Uh-huh/UH ./.,,
sw10utt/sw_1005_2693.utt,2/sw2693,2693,111,+,B,78,1,"Whereas when we eat, say broccoli, you utilize all of it. /","Whereas/IN when/WRB we/PRP eat/VBP ,/, say/VB broccoli/NN ,/, you/PRP utilize/VBP all/DT of/IN it/PRP ./.",,
sw10utt/sw_1005_2693.utt,2/sw2693,2693,112,b,A,79,1,Uh-huh. /,Uh-huh/UH ./.,,
sw10utt/sw_1005_2693.utt,2/sw2693,2693,113,%,B,80,1,"You utili-, - /","You/PRP utili/VBP ,/,",,
sw10utt/sw_1005_2693.utt,2/sw2693,2693,114,sv,B,80,2,"[ your, + your  ] body accepts --","your/PRP$ ,/, your/PRP$ body/NN accepts/VBZ --/:",,
sw10utt/sw_1005_2693.utt,2/sw2693,2693,115,^2,A,81,1,All that's in it. -/,All/DT that/DT 's/BES in/IN it/PRP ./.,,
sw10utt/sw_1005_2693.utt,2/sw2693,2693,116,+,B,82,1,-- all of the broccoli. /,--/: all/DT of/IN the/DT broccoli/NN ./.,,
sw10utt/sw_1005_2693.utt,2/sw2693,2693,117,b,A,83,1,Uh-huh. /,Uh-huh/UH ./.,,
sw10utt/sw_1005_2693.utt,2/sw2693,2693,118,sv,B,84,1,"{C So, } [ it's like, +","So/RB ,/, it/PRP 's/BES like/IN ,/,",,
sw10utt/sw_1005_2693.utt,2/sw2693,2693,119,qw,A,85,1,# Why? # /,Why/WRB ?/.,,
sw10utt/sw_1005_2693.utt,2/sw2693,2693,120,+,B,86,1,"# it's # like,  ] {D say, } a person using vitamins, as opposed to, {F uh, } vitamin supplements as opposed to eating regular food. /","it/PRP 's/BES like/UH ,/, say/VB ,/, a/DT person/NN using/VBG vitamins/NNS ,/, as/IN opposed/VBN to/IN ,/, uh/UH ,/, vitamin/NN supplements/NNS as/IN opposed/VBN to/IN eating/VBG regular/JJ food/NN ./.",,
sw10utt/sw_1005_2693.utt,2/sw2693,2693,121,b,A,87,1,Uh-huh. /,Uh-huh/UH ./.,,
sw10utt/sw_1005_2693.utt,2/sw2693,2693,122,sv,B,88,1,Your body just doesn't accept [ vitamins --,Your/PRP$ body/NN just/RB does/VBZ n't/RB accept/VB vitamins/NNS --/:,,
sw10utt/sw_1005_2693.utt,2/sw2693,2693,123,b,A,89,1,Uh-huh. /,Uh-huh/UH ./.,,
sw10utt/sw_1005_2693.utt,2/sw2693,2693,124,+,B,90,1,"-- and the minerals in the, + the vitamins in,  ] {F uh, } supplements that it does in regular food, /","--/: and/CC the/DT minerals/NNS in/IN the/DT ,/, the/DT vitamins/NNS in/IN ,/, uh/UH ,/, supplements/VBZ that/IN it/PRP does/VBZ in/IN regular/JJ food/NN ,/,",,
sw10utt/sw_1005_2693.utt,2/sw2693,2693,125,b,A,91,1,# Uh-huh. # /,Uh-huh/UH ./.,,
sw10utt/sw_1005_2693.utt,2/sw2693,2693,126,%,B,92,1,"# {D you # know. }  {C So, } -/","you/PRP know/VBP ./. So/RB ,/,",,
sw10utt/sw_1005_2693.utt,2/sw2693,2693,127,ba,A,93,1,That's interesting. /,That/DT 's/BES interesting/JJ ./.,,
sw10utt/sw_1005_2693.utt,2/sw2693,2693,128,sd,B,94,1,"{C But } [ we both, + we both  ] feel much healthier,","But/CC we/PRP both/DT ,/, we/PRP both/DT feel/VBP much/RB healthier/JJR ,/,",,
sw10utt/sw_1005_2693.utt,2/sw2693,2693,129,b,A,95,1,# Uh-huh. # /,Uh-huh/UH ./.,,
sw10utt/sw_1005_2693.utt,2/sw2693,2693,130,+,B,96,1,# much # healthier.  /,much/RB healthier/JJR ./.,,
sw10utt/sw_1005_2693.utt,2/sw2693,2693,131,sd,B,96,2,"{C And } I couldn't consider going back to eating, /","And/CC I/PRP could/MD n't/RB consider/VB going/VBG back/RB to/TO eating/VBG ,/,",,
sw10utt/sw_1005_2693.utt,2/sw2693,2693,132,^2,A,97,1,After you have been on this. -/,After/IN you/PRP have/VBP been/VBN on/IN this/DT ./.,,
sw10utt/sw_1005_2693.utt,2/sw2693,2693,133,aa,B,98,1,Yeah.  /,Yeah/UH ./.,,
sw10utt/sw_1005_2693.utt,2/sw2693,2693,134,sd,B,98,2,"{D Well, } {D now } I changed for ethical reasons. /","Well/UH ,/, now/UH I/PRP changed/VBD for/IN ethical/JJ reasons/NNS ./.",,
sw10utt/sw_1005_2693.utt,2/sw2693,2693,135,b,A,99,1,Uh-huh. /,Uh-huh/UH ./.,,
sw10utt/sw_1005_2693.utt,2/sw2693,2693,136,sd,B,100,1,{C And } my husband has changed.  /,And/CC my/PRP$ husband/NN has/VBZ changed/VBN ./.,,
sw10utt/sw_1005_2693.utt,2/sw2693,2693,137,sd,B,100,2,He feels more ethically about it.  /,He/PRP feels/VBZ more/RBR ethically/RB about/IN it/PRP ./.,,
sw10utt/sw_1005_2693.utt,2/sw2693,2693,138,sd,B,100,3,"{C But } [ he, + he  ] in the beginning, began for health reasons. /","But/CC he/PRP ,/, he/PRP in/IN the/DT beginning/NN ,/, began/VBD for/IN health/NN reasons/NNS ./.",,
sw10utt/sw_1005_2693.utt,2/sw2693,2693,139,b,A,101,1,Uh-huh. /,Uh-huh/UH ./.,,
sw10utt/sw_1005_2693.utt,2/sw2693,2693,140,sd,B,102,1,"{C But, } {F um, } now [ he, + he  ] feels like I do.  /","But/CC ,/, um/UH ,/, now/RB he/PRP ,/, he/PRP feels/VBZ like/IN I/PRP do/VBP ./.",,
sw10utt/sw_1005_2693.utt,2/sw2693,2693,141,sd,B,102,2,[ That + ] he looks at the things that he eats  /,That/IN he/PRP looks/VBZ at/IN the/DT things/NNS that/WDT he/PRP eats/VBZ,,
sw10utt/sw_1005_2693.utt,2/sw2693,2693,142,sd,B,102,3,{C and } he realizes what they are <laughter>  --,and/CC he/PRP realizes/VBZ what/WP they/PRP are/VBP --/:,,
sw10utt/sw_1005_2693.utt,2/sw2693,2693,143,b,A,103,1,Uh-huh. /,Uh-huh/UH ./.,,
sw10utt/sw_1005_2693.utt,2/sw2693,2693,144,+,B,104,1,-- before he eats them.  /,--/: before/IN he/PRP eats/VBZ them/PRP ./.,,
sw10utt/sw_1005_2693.utt,2/sw2693,2693,145,sd,B,104,2,"{C And } he,","And/CC he/PRP ,/,",,
sw10utt/sw_1005_2693.utt,2/sw2693,2693,146,b,A,105,1,# Uh-huh. # /,Uh-huh/UH ./.,,
sw10utt/sw_1005_2693.utt,2/sw2693,2693,147,+,B,106,1,"# {D you # know, } -/","you/PRP know/VBP ,/,",,
sw10utt/sw_1005_2693.utt,2/sw2693,2693,148,bf,A,107,1,"He thinks more about them, then. /","He/PRP thinks/VBZ more/RBR about/IN them/PRP ,/, then/RB ./.",,
sw10utt/sw_1005_2693.utt,2/sw2693,2693,149,aa,B,108,1,Yeah.  /,Yeah/UH ./.,,
sw10utt/sw_1005_2693.utt,2/sw2693,2693,150,sd,B,108,2,"{C Plus } he eats, - /","Plus/CC he/PRP eats/VBZ ,/,",,
sw10utt/sw_1005_2693.utt,2/sw2693,2693,151,sd,B,108,3,"[ we both think more about, + I thought more of about  ] it as far as what it was I was eating, {D you know, }","we/PRP both/DT think/NN more/RBR about/IN ,/, I/PRP thought/VBD more/RBR of/IN about/IN it/PRP as/RB far/RB as/IN what/WP it/PRP was/VBD I/PRP was/VBD eating/VBG ,/, you/PRP know/VBP ,/,",,
sw10utt/sw_1005_2693.utt,2/sw2693,2693,152,b,A,109,1,# Uh-huh. # /,Uh-huh/UH ./.,,
sw10utt/sw_1005_2693.utt,2/sw2693,2693,153,+,B,110,1,# as # a living creature. /,as/IN a/DT living/VBG creature/NN ./.,,
sw10utt/sw_1005_2693.utt,2/sw2693,2693,154,b,A,111,1,Uh-huh. /,Uh-huh/UH ./.,,
sw10utt/sw_1005_2693.utt,2/sw2693,2693,155,sd,B,112,1,"{C And } now we both think a lot of {D well, } what is it we're eating in relation to what it's going to give to our bodies. /","And/CC now/RB we/PRP both/DT think/VBP a/DT lot/NN of/IN well/UH ,/, what/WP is/VBZ it/PRP we/PRP 're/VBP eating/VBG in/IN relation/NN to/IN what/WP it/PRP 's/BES going/VBG to/TO give/VB to/IN our/PRP$ bodies/NNS ./.",,
sw10utt/sw_1005_2693.utt,2/sw2693,2693,156,b,A,113,1,Uh-huh.  /,Uh-huh/UH ./.,,
sw10utt/sw_1005_2693.utt,2/sw2693,2693,157,sv,A,113,2,{C So } you kind of have a combination. /,So/RB you/PRP kind/RB of/RB have/VBP a/DT combination/NN ./.,,
sw10utt/sw_1005_2693.utt,2/sw2693,2693,158,b,B,114,1,Uh-huh. /,Uh-huh/UH ./.,,
sw10utt/sw_1005_2693.utt,2/sw2693,2693,159,b,A,115,1,Uh-huh.  /,Uh-huh/UH ./.,,
sw10utt/sw_1005_2693.utt,2/sw2693,2693,160,sd,A,115,2,"{D Well } {D see, } [ we, + I  ] live in a farming community.","Well/UH see/VB ,/, we/PRP ,/, I/PRP live/VBP in/IN a/DT farming/NN community/NN ./.",,
sw10utt/sw_1005_2693.utt,2/sw2693,2693,161,b,B,116,1,Uh-huh. /,Uh-huh/UH ./.,,
sw10utt/sw_1005_2693.utt,2/sw2693,2693,162,+,A,117,1,"So, of course we have a lot of animals and that type of thing raised in our area. /","So/RB ,/, of/IN course/NN we/PRP have/VBP a/DT lot/NN of/IN animals/NNS and/CC that/DT type/NN of/IN thing/NN raised/VBN in/IN our/PRP$ area/NN ./.",,
sw10utt/sw_1005_2693.utt,2/sw2693,2693,163,sd,B,118,1,"{D Well, } we do too.  /","Well/UH ,/, we/PRP do/VBP too/RB ./.",,
sw10utt/sw_1005_2693.utt,2/sw2693,2693,164,sd,B,118,2,"{E I mean, } I was raised in, {F um, } - /","I/PRP mean/VBP ,/, I/PRP was/VBD raised/VBN in/IN ,/, um/UH ,/,",,
sw10utt/sw_1005_2693.utt,2/sw2693,2693,165,sd,B,118,3,we're in cattle country. /,we/PRP 're/VBP in/IN cattle/NN country/NN ./.,,
sw10utt/sw_1005_2693.utt,2/sw2693,2693,166,b,A,119,1,Uh-huh. /,Uh-huh/UH ./.,,
sw10utt/sw_1005_2693.utt,2/sw2693,2693,167,sd,B,120,1,{C And } people here buy a half a cow --,And/CC people/NNS here/RB buy/VBP a/DT half/PDT a/DT cow/NN --/:,,
sw10utt/sw_1005_2693.utt,2/sw2693,2693,168,b,A,121,1,Uh-huh. /,Uh-huh/UH ./.,,
sw10utt/sw_1005_2693.utt,2/sw2693,2693,169,+,B,122,1,"-- and put it in their freezer, /","--/: and/CC put/VBP it/PRP in/IN their/PRP$ freezer/NN ,/,",,
sw10utt/sw_1005_2693.utt,2/sw2693,2693,170,b,A,123,1,"# {F Oh, } yeah,  /","Oh/UH ,/, yeah/UH ,/,",,
sw10utt/sw_1005_2693.utt,2/sw2693,2693,171,b,A,123,2,yeah. # /,yeah/UH ./.,,
sw10utt/sw_1005_2693.utt,2/sw2693,2693,172,sd,B,124,1,"# {D you know. }  {C And } # [ that's, + that's  ] the way I, - /","you/PRP know/VBP ./. And/CC that/DT 's/BES ,/, that/DT 's/BES the/DT way/NN I/PRP ,/,",,
sw10utt/sw_1005_2693.utt,2/sw2693,2693,173,%,B,124,2,"{C and } I, - /","and/CC I/PRP ,/,",,
sw10utt/sw_1005_2693.utt,2/sw2693,2693,174,sd,B,124,3,"believe you me it wasn't easy [ to give up <laughter>, +","believe/VB you/PRP me/PRP it/PRP was/VBD n't/RB easy/JJ to/TO give/VB up/RP ,/,",,
sw10utt/sw_1005_2693.utt,2/sw2693,2693,175,x,A,125,1,# <Laughter>.  #,,,
sw10utt/sw_1005_2693.utt,2/sw2693,2693,176,+,B,126,1,# to # give up  ] a hamburger. /,to/TO give/VB up/RP a/DT hamburger/NN ./.,,
sw10utt/sw_1005_2693.utt,2/sw2693,2693,177,x,A,127,1,<Laughter>.,,,
sw10utt/sw_1005_2693.utt,2/sw2693,2693,178,sd,B,128,1,"[ That, + that  ] was one of my favorite foods, [ [ was, + was  ] [ a, + a,  ] + was a  ] good steak or  a hamburger. /","That/DT ,/, that/DT was/VBD one/CD of/IN my/PRP$ favorite/JJ foods/NNS ,/, was/VBD ,/, was/VBD a/DT ,/, a/DT ,/, was/VBD a/DT good/JJ steak/NN or/CC a/DT hamburger/NN ./.",,
sw10utt/sw_1005_2693.utt,2/sw2693,2693,179,b,A,129,1,Uh-huh. /,Uh-huh/UH ./.,,
sw10utt/sw_1005_2693.utt,2/sw2693,2693,180,sv,B,130,1,"{C But, } {D you know, } I suppose if you really believe in something [ it's, + ]","But/CC ,/, you/PRP know/VBP ,/, I/PRP suppose/VBP if/IN you/PRP really/RB believe/VBP in/IN something/NN it/PRP 's/BES ,/,",,
sw10utt/sw_1005_2693.utt,2/sw2693,2693,181,^2,A,131,1,You get adjusted to the taste. /,You/PRP get/VBP adjusted/VBN to/IN the/DT taste/NN ./.,,
sw10utt/sw_1005_2693.utt,2/sw2693,2693,182,+,B,132,1,"[ You, + you  ] adjust your life -- /","You/PRP ,/, you/PRP adjust/VBP your/PRP$ life/NN --/:",,
sw10utt/sw_1005_2693.utt,2/sw2693,2693,183,b,A,133,1,Uh-huh. /,Uh-huh/UH ./.,,
sw10utt/sw_1005_2693.utt,2/sw2693,2693,184,sv,B,134,1,-- {C because } your mind. -/,--/: because/IN your/PRP$ mind/NN ./.,,
sw10utt/sw_1005_2693.utt,2/sw2693,2693,185,b,A,135,1,Uh-huh. /,Uh-huh/UH ./.,,
sw10utt/sw_1005_2693.utt,2/sw2693,2693,186,%,B,136,1,"[ [ You, +  your,  ] + you,  ] - /","You/PRP ,/, your/PRP$ ,/, you/PRP ,/,",,
sw10utt/sw_1005_2693.utt,2/sw2693,2693,187,sv,B,136,2,"inside yourself [ you just, + ] it's not right. /","inside/IN yourself/PRP you/PRP just/RB ,/, it/PRP 's/BES not/RB right/JJ ./.",,
sw10utt/sw_1005_2693.utt,2/sw2693,2693,188,b,A,137,1,Uh-huh. /,Uh-huh/UH ./.,,
sw10utt/sw_1005_2693.utt,2/sw2693,2693,189,%,B,138,1,"[ {C So, } + {C but, }  ] {F um, } -/","So/UH ,/, but/CC ,/, um/UH ,/,",,
sw10utt/sw_1005_2693.utt,2/sw2693,2693,190,qy^d,A,139,1,{C So } you would have a little more trouble when you were looking for a dining area than what [ most -- +,So/RB you/PRP would/MD have/VB a/DT little/RB more/JJR trouble/NN when/WRB you/PRP were/VBD looking/VBG for/IN a/DT dining/NN area/NN than/IN what/WP most/JJS --/:,,
sw10utt/sw_1005_2693.utt,2/sw2693,2693,191,ny@,B,140,1,"{F Oh, } yes.","Oh/UH ,/, yes/UH ./.",,
sw10utt/sw_1005_2693.utt,2/sw2693,2693,192,+,A,141,1,-- most ] people would. /,--/: most/JJS people/NNS would/MD ./.,,
sw10utt/sw_1005_2693.utt,2/sw2693,2693,193,+@,B,142,1,Yeah. /,Yeah/UH ./.,,
sw10utt/sw_1005_2693.utt,2/sw2693,2693,194,sd,A,143,1,"{D Now } we wouldn't have that problem, <laughter>  because we're not vegetarians. /","Now/UH we/PRP would/MD n't/RB have/VB that/DT problem/NN ,/, because/IN we/PRP 're/VBP not/RB vegetarians/NNS ./.",,
sw10utt/sw_1005_2693.utt,2/sw2693,2693,195,qw,B,144,1,"{C So } what do you look for when you, -/","So/RB what/WP do/VBP you/PRP look/VB for/IN when/WRB you/PRP ,/,",,
sw10utt/sw_1005_2693.utt,2/sw2693,2693,196,sd,A,145,1,"{F Uh, } I think the main thing that I look for is, {F uh, } cleanliness, {F uh, } {D you know, } [ the, + in the  ] appearance of the people that work there.","Uh/UH ,/, I/PRP think/VBP the/DT main/JJ thing/NN that/WDT I/PRP look/VBP for/IN is/VBZ ,/, uh/UH ,/, cleanliness/NN ,/, uh/UH ,/, you/PRP know/VBP ,/, the/DT ,/, in/IN the/DT appearance/NN of/IN the/DT people/NNS that/WDT work/VBP there/RB ./.",,
sw10utt/sw_1005_2693.utt,2/sw2693,2693,197,b,B,146,1,Uh-huh. /,Uh-huh/UH ./.,,
sw10utt/sw_1005_2693.utt,2/sw2693,2693,198,+,A,147,1,"And the, {F uh, } quality of the food that they serve. /","And/CC the/DT ,/, uh/UH ,/, quality/NN of/IN the/DT food/NN that/WDT they/PRP serve/VBP ./.",,
sw10utt/sw_1005_2693.utt,2/sw2693,2693,199,qr,B,148,1,"[ Do you normally, + when you're traveling, do  ] you look for places that's established, [ that, + that  ] you've been to before {C or } --","Do/VBP you/PRP normally/RB ,/, when/WRB you/PRP 're/VBP traveling/VBG ,/, do/VBP you/PRP look/VB for/IN places/NNS that/WDT 's/BES established/VBN ,/, that/WDT ,/, that/WDT you/PRP 've/VBP been/VBN to/IN before/RB or/CC --/:",,
sw10utt/sw_1005_2693.utt,2/sw2693,2693,200,ny,A,149,1,Yes. /,Yes/UH ./.,,
sw10utt/sw_1005_2693.utt,2/sw2693,2693,201,+,B,150,1,-- are you willing to try new places?  /,--/: are/VBP you/PRP willing/JJ to/TO try/VB new/JJ places/NNS ?/.,,
sw10utt/sw_1005_2693.utt,2/sw2693,2693,202,sd,A,151,1,"{F Oh, } we try new places  /","Oh/UH ,/, we/PRP try/VBP new/JJ places/NNS",,
sw10utt/sw_1005_2693.utt,2/sw2693,2693,203,%,A,151,2,"{C but } when we, - /","but/CC when/WRB we/PRP ,/,",,
sw10utt/sw_1005_2693.utt,2/sw2693,2693,204,sd,A,151,3,a lot of times we do eat where we know. /,a/DT lot/NN of/IN times/NNS we/PRP do/VBP eat/VB where/WRB we/PRP know/VBP ./.,,
sw10utt/sw_1005_2693.utt,2/sw2693,2693,205,aa,B,152,1,Yeah.  /,Yeah/UH ./.,,
sw10utt/sw_1005_2693.utt,2/sw2693,2693,206,sv,B,152,2,Like --,Like/IN --/:,,
sw10utt/sw_1005_2693.utt,2/sw2693,2693,207,%,A,153,1,"What, -/","What/WP ,/,",,
sw10utt/sw_1005_2693.utt,2/sw2693,2693,208,+,B,154,1,-- a chain restaurant --,--/: a/DT chain/NN restaurant/NN --/:,,
sw10utt/sw_1005_2693.utt,2/sw2693,2693,209,ny,A,155,1,Uh-huh. /,Uh-huh/UH ./.,,
sw10utt/sw_1005_2693.utt,2/sw2693,2693,210,+,B,156,1,-- or something. /,--/: or/CC something/NN ./.,,
sw10utt/sw_1005_2693.utt,2/sw2693,2693,211,sd,A,157,1,"What the quality, - /","What/WP the/DT quality/NN ,/,",,
sw10utt/sw_1005_2693.utt,2/sw2693,2693,212,sv,A,157,2,{C because } a lot of them are the same no matter where you stop. /,because/IN a/DT lot/NN of/IN them/PRP are/VBP the/DT same/JJ no/DT matter/NN where/WRB you/PRP stop/VBP ./.,,
sw10utt/sw_1005_2693.utt,2/sw2693,2693,213,b,B,158,1,Uh-huh. /,Uh-huh/UH ./.,,
sw10utt/sw_1005_2693.utt,2/sw2693,2693,214,sd,A,159,1,"{C And, } {F uh, } we do, do  that a lot.  /","And/CC ,/, uh/UH ,/, we/PRP do/VBP ,/, do/VBP that/DT a/DT lot/NN ./.",,
sw10utt/sw_1005_2693.utt,2/sw2693,2693,215,sd,A,159,2,"{C And } I guess I'm getting [ old, + older,  ]  /","And/CC I/PRP guess/VBP I/PRP 'm/VBP getting/VBG old/JJ ,/, older/JJR ,/,",,
sw10utt/sw_1005_2693.utt,2/sw2693,2693,216,sd,A,159,3,<laughter>  also I like to be served.  <laughter>  /,also/RB I/PRP like/VBP to/TO be/VB served/VBN ./.,,
sw10utt/sw_1005_2693.utt,2/sw2693,2693,217,sd,A,159,4,"I like to sit down and have my, {F uh, } order taken. /","I/PRP like/VBP to/TO sit/VB down/RP and/CC have/VB my/PRP$ ,/, uh/UH ,/, order/NN taken/VBN ./.",,
sw10utt/sw_1005_2693.utt,2/sw2693,2693,218,qy^d,B,160,1,As opposed to {D like } a cafeteria --,As/IN opposed/VBN to/IN like/UH a/DT cafeteria/NN --/:,,
sw10utt/sw_1005_2693.utt,2/sw2693,2693,219,na,A,161,1,"Right,  /","Right/UH ,/,",,
sw10utt/sw_1005_2693.utt,2/sw2693,2693,220,ny,A,161,2,yeah. /,yeah/UH ./.,,
sw10utt/sw_1005_2693.utt,2/sw2693,2693,221,+,B,162,1,-- kind of <<faintly>> situation?  /,--/: kind/RB of/RB situation/NN ?/.,,
sw10utt/sw_1005_2693.utt,2/sw2693,2693,222,%,B,162,2,Yeah. /,Yeah/UH ./.,,
sw10utt/sw_1005_2693.utt,2/sw2693,2693,223,sv,A,163,1,"{C So, } I suppose you'd say I, - /","So/RB ,/, I/PRP suppose/VBP you/PRP 'd/MD say/VB I/PRP ,/,",,
sw10utt/sw_1005_2693.utt,2/sw2693,2693,224,sv,A,163,2,"{D well } [ I, + I ] don't know whether it's age or what it is.  /","well/UH I/PRP ,/, I/PRP do/VBP n't/RB know/VB whether/IN it/PRP 's/BES age/NN or/CC what/WP it/PRP is/VBZ ./.",,
sw10utt/sw_1005_2693.utt,2/sw2693,2693,225,%,A,163,3,"{C But } I have, -/","But/CC I/PRP have/VBP ,/,",,
sw10utt/sw_1005_2693.utt,2/sw2693,2693,226,ar,B,164,1,"{D Well } no,  /","Well/UH no/UH ,/,",,
sw10utt/sw_1005_2693.utt,2/sw2693,2693,227,sd,B,164,2,I don't think so.  /,I/PRP do/VBP n't/RB think/VB so/RB ./.,,
sw10utt/sw_1005_2693.utt,2/sw2693,2693,228,sd,B,164,3,"I think it's just your, - /","I/PRP think/VBP it/PRP 's/BES just/RB your/PRP$ ,/,",,
sw10utt/sw_1005_2693.utt,2/sw2693,2693,229,sd,B,164,4,"{C because } [ I, + I  ] prefer to be waited on too.  /","because/IN I/PRP ,/, I/PRP prefer/VBP to/TO be/VB waited/VBN on/IN too/RB ./.",,
sw10utt/sw_1005_2693.utt,2/sw2693,2693,230,sd,B,164,5,"I just, - /","I/PRP just/RB ,/,",,
sw10utt/sw_1005_2693.utt,2/sw2693,2693,231,qh,B,164,6,"if you're going to go out to eat, why not have the whole service,","if/IN you/PRP 're/VBP going/VBG to/TO go/VB out/RP to/TO eat/VB ,/, why/WRB not/RB have/VB the/DT whole/JJ service/NN ,/,",,
sw10utt/sw_1005_2693.utt,2/sw2693,2693,232,ba,A,165,1,"# Yeah, # /","Yeah/UH ,/,",,
sw10utt/sw_1005_2693.utt,2/sw2693,2693,233,+,B,166,1,# {D you # know? } /,you/PRP know/VBP ?/.,,
sw10utt/sw_1005_2693.utt,2/sw2693,2693,234,b,A,167,1,Yeah. /,Yeah/UH ./.,,
sw10utt/sw_1005_2693.utt,2/sw2693,2693,235,qh,B,168,1,"Why not get the whole, - /","Why/WRB not/RB get/VB the/DT whole/NN ,/,",,
sw10utt/sw_1005_2693.utt,2/sw2693,2693,236,sd,B,168,2,"I guess because we don't go out that much, /","I/PRP guess/VBP because/IN we/PRP do/VBP n't/RB go/VB out/RP that/RB much/RB ,/,",,
sw10utt/sw_1005_2693.utt,2/sw2693,2693,237,b,A,169,1,# Uh-huh. # /,Uh-huh/UH ./.,,
sw10utt/sw_1005_2693.utt,2/sw2693,2693,238,sd,B,170,1,# I # feel like it's a treat. /,I/PRP feel/VBP like/IN it/PRP 's/BES a/DT treat/NN ./.,,
sw10utt/sw_1005_2693.utt,2/sw2693,2693,239,sd,A,171,1,"You should [ fee-, + ] have a treat. /","You/PRP should/MD fee-/XX ,/, have/VB a/DT treat/NN ./.",,
sw10utt/sw_1005_2693.utt,2/sw2693,2693,240,ba,B,172,1,Yeah. /,Yeah/UH ./.,,
sw10utt/sw_1005_2693.utt,2/sw2693,2693,241,sd,A,173,1,{C And } I like the light meals.  /,And/CC I/PRP like/VBP the/DT light/JJ meals/NNS ./.,,
sw10utt/sw_1005_2693.utt,2/sw2693,2693,242,sd,A,173,2,"Not all restaurants have light meals on their menu,","Not/RB all/DT restaurants/NNS have/VBP light/JJ meals/NNS on/IN their/PRP$ menu/NN ,/,",,
sw10utt/sw_1005_2693.utt,2/sw2693,2693,243,b,B,174,1,# Uh-huh. # /,Uh-huh/UH ./.,,
sw10utt/sw_1005_2693.utt,2/sw2693,2693,244,+,A,175,1,# {D you # know. }  /,you/PRP know/VBP ./.,,
sw10utt/sw_1005_2693.utt,2/sw2693,2693,245,%,A,175,2,"{C And } I, -/","And/CC I/PRP ,/,",,
sw10utt/sw_1005_2693.utt,2/sw2693,2693,246,b,B,176,1,Oh.  /,Oh/UH ./.,,
sw10utt/sw_1005_2693.utt,2/sw2693,2693,247,qy,B,176,2,"Light menu, you mean like cooked light or, -/","Light/JJ menu/NN ,/, you/PRP mean/VBP like/IN cooked/VBN light/RB or/CC ,/,",,
sw10utt/sw_1005_2693.utt,2/sw2693,2693,248,sd,A,177,1,"{F Uh, } L I T E, {D like, } {F uh, } {F uh, } things that aren't as heavy a meal. /","Uh/UH ,/, L/SYM I/SYM T/SYM E/SYM ,/, like/UH ,/, uh/UH ,/, uh/UH ,/, things/NNS that/WDT are/VBP n't/RB as/RB heavy/JJ a/DT meal/NN ./.",,
sw10utt/sw_1005_2693.utt,2/sw2693,2693,249,bk,B,178,1,"{F Oh, } I see. /","Oh/UH ,/, I/PRP see/VBP ./.",,
sw10utt/sw_1005_2693.utt,2/sw2693,2693,250,%,A,179,1,"It, -/","It/PRP ,/,",,
sw10utt/sw_1005_2693.utt,2/sw2693,2693,251,b,B,180,1,# Uh-huh. # /,Uh-huh/UH ./.,,
sw10utt/sw_1005_2693.utt,2/sw2693,2693,252,sd,A,181,1,"# [ that, + ] # you get more, {F uh, } fruit and maybe cottage cheese or a chicken breast or things that aren't as, {F uh, } - /","that/IN ,/, you/PRP get/VBP more/JJR ,/, uh/UH ,/, fruit/NN and/CC maybe/RB cottage/NN cheese/NN or/CC a/DT chicken/NN breast/NN or/CC things/NNS that/WDT are/VBP n't/RB as/RB ,/, uh/UH ,/,",,
sw10utt/sw_1005_2693.utt,2/sw2693,2693,253,sd,A,181,2,they're not breaded  /,they/PRP 're/VBP not/RB breaded/VBN,,
sw10utt/sw_1005_2693.utt,2/sw2693,2693,254,sd,A,181,3,{C and } they're not fried  /,and/CC they/PRP 're/VBP not/RB fried/VBN,,
sw10utt/sw_1005_2693.utt,2/sw2693,2693,255,sd,A,181,4,"{C and } they're not, -/","and/CC they/PRP 're/VBP not/RB ,/,",,
sw10utt/sw_1005_2693.utt,2/sw2693,2693,256,^2,B,182,1,Not a lot of gravy --,Not/RB a/DT lot/NN of/IN gravy/NN --/:,,
sw10utt/sw_1005_2693.utt,2/sw2693,2693,257,aa,A,183,1,Yeah. /,Yeah/UH ./.,,
sw10utt/sw_1005_2693.utt,2/sw2693,2693,258,+,B,184,1,-- and things like that. /,--/: and/CC things/NNS like/IN that/DT ./.,,
sw10utt/sw_1005_2693.utt,2/sw2693,2693,259,sd,A,185,1,"{F Uh, } {C but } it's not --","Uh/UH ,/, but/CC it/PRP 's/BES not/RB --/:",,
sw10utt/sw_1005_2693.utt,2/sw2693,2693,260,sd,B,186,1,"{D You know, } [ I, +","You/PRP know/VBP ,/, I/PRP ,/,",,
sw10utt/sw_1005_2693.utt,2/sw2693,2693,261,+,A,187,1,"-- # all rest, # /","--/: all/DT rest/NN ,/,",,
sw10utt/sw_1005_2693.utt,2/sw2693,2693,262,+,B,188,1,# I ] like those # too. /,I/PRP like/VBP those/DT too/RB ./.,,
sw10utt/sw_1005_2693.utt,2/sw2693,2693,263,b,A,189,1,Uh-huh. /,Uh-huh/UH ./.,,
sw10utt/sw_1005_2693.utt,2/sw2693,2693,264,sd,B,190,1,"I like those too, because, {F uh, } [ some, + seems like sometimes  ] [ it's, + ] you order a meal, you order their dinner meal, and it's like they're trying to find out how much you can eat.  /","I/PRP like/IN those/DT too/RB ,/, because/IN ,/, uh/UH ,/, some/DT ,/, seems/VBZ like/IN sometimes/RB it/PRP 's/BES ,/, you/PRP order/VBP a/DT meal/NN ,/, you/PRP order/VBP their/PRP$ dinner/NN meal/NN ,/, and/CC it/PRP 's/BES like/IN they/PRP 're/VBP trying/VBG to/TO find/VB out/RP how/WRB much/JJ you/PRP can/MD eat/VB ./.",,
sw10utt/sw_1005_2693.utt,2/sw2693,2693,265,%,B,190,2,{C Or } -- -/,Or/CC --/:,,
sw10utt/sw_1005_2693.utt,2/sw2693,2693,266,ba,A,191,1,I know -- /,I/PRP know/VBP --/:,,
sw10utt/sw_1005_2693.utt,2/sw2693,2693,267,%,B,192,1,"-- {C or } <laughter>, -/","--/: or/CC ,/,",,
sw10utt/sw_1005_2693.utt,2/sw2693,2693,268,sd,A,193,1,"-- it's too much,  /","--/: it/PRP 's/BES too/RB much/JJ ,/,",,
sw10utt/sw_1005_2693.utt,2/sw2693,2693,269,aa,A,193,2,yes. /,yes/UH ./.,,
sw10utt/sw_1005_2693.utt,2/sw2693,2693,270,sv,B,194,1,"[ {C Or, } + {C or }  ] {D like } evidently people go in there and they're not satisfied that they'd been given enough and they complain  /","Or/CC ,/, or/CC like/UH evidently/RB people/NNS go/VBP in/IN there/RB and/CC they/PRP 're/VBP not/RB satisfied/JJ that/IN they/PRP 'd/MD been/VBN given/VBN enough/RB and/CC they/PRP complain/VBP",,
sw10utt/sw_1005_2693.utt,2/sw2693,2693,271,sv,B,194,2,{C and } --,and/CC --/:,,
sw10utt/sw_1005_2693.utt,2/sw2693,2693,272,b,A,195,1,Uh-huh. /,Uh-huh/UH ./.,,
sw10utt/sw_1005_2693.utt,2/sw2693,2693,273,+,B,196,1,"-- maybe they're afraid <laughter> that people are going to,","--/: maybe/RB they/PRP 're/VBP afraid/JJ that/IN people/NNS are/VBP going/VBG to/TO ,/,",,
sw10utt/sw_1005_2693.utt,2/sw2693,2693,274,x,A,197,1,<Laughter>.,,,
sw10utt/sw_1005_2693.utt,2/sw2693,2693,275,+,B,198,1,complain or something. /,complain/VB or/CC something/NN ./.,,
sw10utt/sw_1005_2693.utt,2/sw2693,2693,276,sd,A,199,1,I don't know what it is.  /,I/PRP do/VBP n't/RB know/VB what/WP it/PRP is/VBZ ./.,,
sw10utt/sw_1005_2693.utt,2/sw2693,2693,277,sd,A,199,2,"{C But, } {D now } for instance, [ we, + we  ] had a Scout dinner last night we went to.  /","But/CC ,/, now/RB for/IN instance/NN ,/, we/PRP ,/, we/PRP had/VBD a/DT Scout/NNP dinner/NN last/JJ night/NN we/PRP went/VBD to/IN ./.",,
sw10utt/sw_1005_2693.utt,2/sw2693,2693,278,%,A,199,3,"{C And } [ it's, +  it's ] - /","And/CC it/PRP 's/BES ,/, it/PRP 's/BES",,
sw10utt/sw_1005_2693.utt,2/sw2693,2693,279,sd,A,199,4,"[ they, + {F uh, } {D well } they'll  ] serve you at your seat  /","they/PRP ,/, uh/UH ,/, well/UH they/PRP 'll/MD serve/VB you/PRP at/IN your/PRP$ seat/NN",,
sw10utt/sw_1005_2693.utt,2/sw2693,2693,280,sd,A,199,5,"{C and } [ u-, + usually  ] the salad bar is included,  /","and/CC u-/RB ,/, usually/RB the/DT salad/NN bar/NN is/VBZ included/VBN ,/,",,
sw10utt/sw_1005_2693.utt,2/sw2693,2693,281,sd,A,199,6,{C so } you have to get up for that.  /,so/IN you/PRP have/VBP to/TO get/VB up/RP for/IN that/DT ./.,,
sw10utt/sw_1005_2693.utt,2/sw2693,2693,282,sd,A,199,7,"{C But } they have so much food that [ you, + not matter how hard you try to restrain yourself, you  ] end up eating much more than you need. /","But/CC they/PRP have/VBP so/RB much/JJ food/NN that/IN you/PRP ,/, not/RB matter/VB  how/WRB hard/JJ you/PRP try/VBP to/TO restrain/VB yourself/PRP ,/, you/PRP end/VBP up/RP eating/VBG much/RB more/JJR than/IN you/PRP need/VBP ./.",,
sw10utt/sw_1005_2693.utt,2/sw2693,2693,283,b,B,200,1,Uh-huh.  /,Uh-huh/UH ./.,,
sw10utt/sw_1005_2693.utt,2/sw2693,2693,284,sv,B,200,2,{C And } I think that's a shame. /,And/CC I/PRP think/VBP that/DT 's/BES a/DT shame/NN ./.,,
sw10utt/sw_1005_2693.utt,2/sw2693,2693,285,b,A,201,1,Uh-huh. /,Uh-huh/UH ./.,,
sw10utt/sw_1005_2693.utt,2/sw2693,2693,286,sd,B,202,1,"{E I mean, } I must admit, sometimes I do like a buffet.  /","I/PRP mean/VBP ,/, I/PRP must/MD admit/VB ,/, sometimes/RB I/PRP do/VBP like/IN a/DT buffet/NN ./.",,
sw10utt/sw_1005_2693.utt,2/sw2693,2693,287,sd,B,202,2,"[ {C But, } + {F uh, } {C but }  ] I think that they just tend to make [ you, + you  ] say, {F Oh, } {D well, } I've have got all I can eat -- /","But/CC ,/, uh/UH ,/, but/CC I/PRP think/VBP that/IN they/PRP just/RB tend/VBP to/TO make/VB you/PRP ,/, you/PRP say/VBP ,/, Oh/UH ,/, well/UH ,/, I/PRP 've/VBP have/VBP got/VBN all/DT I/PRP can/MD eat/VB --/:",,
sw10utt/sw_1005_2693.utt,2/sw2693,2693,288,b,A,203,1,Uh-huh. /,Uh-huh/UH ./.,,
sw10utt/sw_1005_2693.utt,2/sw2693,2693,289,sd,B,204,1,"-- [ {C or, } + {C or, }  ] {D you know, } it's one of these situations where nobody's going to restrain what you <laughter>  eat,","--/: or/CC ,/, or/CC ,/, you/PRP know/VBP ,/, it/PRP 's/BES one/CD of/IN these/DT situations/NNS where/WRB nobody/NN 's/BES going/VBG to/TO restrain/VB what/WP you/PRP eat/VBP ,/,",,
sw10utt/sw_1005_2693.utt,2/sw2693,2693,290,b,A,205,1,# Uh-huh. # /,Uh-huh/UH ./.,,
sw10utt/sw_1005_2693.utt,2/sw2693,2693,291,+,B,206,1,# the # amount that you eat. /,the/DT amount/NN that/WDT you/PRP eat/VBP ./.,,
sw10utt/sw_1005_2693.utt,2/sw2693,2693,292,b,A,207,1,Uh-huh. /,Uh-huh/UH ./.,,
sw10utt/sw_1005_2693.utt,2/sw2693,2693,293,sv,B,208,1,"{C And } I think [ that peo-, + that we  ] just tend to eat, overeat. /","And/CC I/PRP think/VBP that/IN peo-/NNS ,/, that/IN we/PRP just/RB tend/VBP to/TO eat/VB ,/, overeat/VB ./.",,
sw10utt/sw_1005_2693.utt,2/sw2693,2693,294,b,A,209,1,Yeah.  /,Yeah/UH ./.,,
sw10utt/sw_1005_2693.utt,2/sw2693,2693,295,sv,A,209,2,You can eat --,You/PRP can/MD eat/VB --/:,,
sw10utt/sw_1005_2693.utt,2/sw2693,2693,296,b,B,210,1,Yeah. /,Yeah/UH ./.,,
sw10utt/sw_1005_2693.utt,2/sw2693,2693,297,+,A,211,1,"-- as much as you want and you like the food, {D you know. } /","--/: as/RB much/JJ as/IN you/PRP want/VBP and/CC you/PRP like/VBP the/DT food/NN ,/, you/PRP know/VBP ./.",,
sw10utt/sw_1005_2693.utt,2/sw2693,2693,298,b,B,212,1,Yeah. /,Yeah/UH ./.,,
sw10utt/sw_1005_2693.utt,2/sw2693,2693,299,sv,A,213,1,"{F Uh, } a lot of times the foods, - /","Uh/UH ,/, a/DT lot/NN of/IN times/NNS the/DT foods/NNS ,/,",,
sw10utt/sw_1005_2693.utt,2/sw2693,2693,300,sv,A,213,2,"{D like, } {F uh, }  (( Haas's ))  carry a bread bar that is just out of this world <laughter>.  /","like/UH ,/, uh/UH ,/, Haas/NNP 's/POS carry/VBP a/DT bread/NN bar/NN that/WDT is/VBZ just/RB out/IN of/IN this/DT world/NN ./.",,
sw10utt/sw_1005_2693.utt,2/sw2693,2693,301,%,A,213,3,"{C And, } {D you know, } -/","And/CC ,/, you/PRP know/VBP ,/,",,
sw10utt/sw_1005_2693.utt,2/sw2693,2693,302,b,B,214,1,# Yeah. # /,Yeah/UH ./.,,
sw10utt/sw_1005_2693.utt,2/sw2693,2693,303,%,A,215,1,# you # - /,you/PRP,,
sw10utt/sw_1005_2693.utt,2/sw2693,2693,304,sd,A,215,2,{C and } soup - /,and/CC soup/NN,,
sw10utt/sw_1005_2693.utt,2/sw2693,2693,305,%,A,215,3,"{C and, } {F uh, } they just, - /","and/CC ,/, uh/UH ,/, they/PRP just/RB ,/,",,
sw10utt/sw_1005_2693.utt,2/sw2693,2693,306,sd,A,215,4,{C and } fruit and vegetables - /,and/CC fruit/NN and/CC vegetables/NNS,,
sw10utt/sw_1005_2693.utt,2/sw2693,2693,307,%,A,215,5,"{C and } [ they, + they  ] just, - /","and/CC they/PRP ,/, they/PRP just/RB ,/,",,
sw10utt/sw_1005_2693.utt,2/sw2693,2693,308,h,A,215,6,I don't know.  /,I/PRP do/VBP n't/RB know/VB ./.,,
sw10utt/sw_1005_2693.utt,2/sw2693,2693,309,%,A,215,7,"Th-, - /","Th-/XX ,/,",,
sw10utt/sw_1005_2693.utt,2/sw2693,2693,310,%,A,215,8,"y-, - /","y/PRP ,/,",,
sw10utt/sw_1005_2693.utt,2/sw2693,2693,311,sd,A,215,9,I know I always overeat no matter.  /,I/PRP know/VBP I/PRP always/RB overeat/VBP no/DT matter/NN ./.,,
sw10utt/sw_1005_2693.utt,2/sw2693,2693,312,sd,A,215,10,"I go with good intentions, /","I/PRP go/VBP with/IN good/JJ intentions/NNS ,/,",,
sw10utt/sw_1005_2693.utt,2/sw2693,2693,313,x,B,216,1,# <Laughter>.  #,,,
sw10utt/sw_1005_2693.utt,2/sw2693,2693,314,%,A,217,1,"# {C but } # I, - /","but/CC I/PRP ,/,",,
sw10utt/sw_1005_2693.utt,2/sw2693,2693,315,sd,A,217,2,"somehow along the way, when I come back to my seat, I have too much.  <laughter>   /","somehow/RB along/IN the/DT way/NN ,/, when/WRB I/PRP come/VBP back/RB to/IN my/PRP$ seat/NN ,/, I/PRP have/VBP too/RB much/JJ ./.",,
sw10utt/sw_1005_2693.utt,2/sw2693,2693,316,sd,A,217,3,{C And } I eat it because it's so good. /,And/CC I/PRP eat/VBP it/PRP because/IN it/PRP 's/BES so/RB good/JJ ./.,,
sw10utt/sw_1005_2693.utt,2/sw2693,2693,317,b,B,218,1,Yeah.  /,Yeah/UH ./.,,
sw10utt/sw_1005_2693.utt,2/sw2693,2693,318,sd,B,218,2,{D Well } at least it's fruit and stuff there <laughter>. /,Well/UH at/IN least/JJS it/PRP 's/BES fruit/NN and/CC stuff/NN there/RB ./.,,
sw10utt/sw_1005_2693.utt,2/sw2693,2693,319,b,A,219,1,Yeah  /,Yeah/UH,,
sw10utt/sw_1005_2693.utt,2/sw2693.pos,2693,320,x,A,219,2,<laughter>.,./.
sw10utt/sw_1005_2693.utt,2/sw2693,2693,321,sv,B,220,1,Maybe it's not too <laughter>  bad. /,Maybe/RB it/PRP 's/BES not/RB too/RB bad/JJ ./.,,
sw10utt/sw_1005_2693.utt,2/sw2693,2693,322,sd,A,221,1,"{C And } I like reasonable prices of course, too.  /","And/CC I/PRP like/VBP reasonable/JJ prices/NNS of/IN course/NN ,/, too/RB ./.",,
sw10utt/sw_1005_2693.utt,2/sw2693,2693,323,sd,A,221,2,"I don't like to, {D you know, } go to anything that's real expensive. /","I/PRP do/VBP n't/RB like/VB to/TO ,/, you/PRP know/VBP ,/, go/VB to/IN anything/NN that/WDT 's/BES real/RB expensive/JJ ./.",,
sw10utt/sw_1005_2693.utt,2/sw2693,2693,324,b,B,222,1,Yeah. /,Yeah/UH ./.,,
sw10utt/sw_1005_2693.utt,2/sw2693,2693,325,sd,A,223,1,I think that's a waste of my money. /,I/PRP think/VBP that/DT 's/BES a/DT waste/NN of/IN my/PRP$ money/NN ./.,,
sw10utt/sw_1005_2693.utt,2/sw2693,2693,326,^2,B,224,1,"Just for food,","Just/RB for/IN food/NN ,/,",,
sw10utt/sw_1005_2693.utt,2/sw2693,2693,327,b,A,225,1,# Uh-huh. # /,Uh-huh/UH ./.,,
sw10utt/sw_1005_2693.utt,2/sw2693,2693,328,+,B,226,1,# it # does seem like it. /,it/PRP does/VBZ seem/VB like/IN it/PRP ./.,,
sw10utt/sw_1005_2693.utt,2/sw2693,2693,329,b,A,227,1,Uh-huh. /,Uh-huh/UH ./.,,
sw10utt/sw_1005_2693.utt,2/sw2693,2693,330,b,B,228,1,Yeah.  /,Yeah/UH ./.,,
sw10utt/sw_1005_2693.utt,2/sw2693,2693,331,%,B,228,2,"{C But, } {F uh, } -/","But/CC ,/, uh/UH ,/,",,
sw10utt/sw_1005_2693.utt,2/sw2693,2693,332,%,A,229,1,"{D So, } -/","So/UH ,/,",,
sw10utt/sw_1005_2693.utt,2/sw2693,2693,333,sd,B,230,1,"[ We like, + {F uh, } we do like  ] international food,  /","We/PRP like/IN ,/, uh/UH ,/, we/PRP do/VBP like/VB international/JJ food/NN ,/,",,
sw10utt/sw_1005_2693.utt,2/sw2693,2693,334,%,B,230,2,"{C so } we take, -/","so/RB we/PRP take/VBP ,/,",,
sw10utt/sw_1005_2693.utt,2/sw2693,2693,335,qy,A,231,1,Do you? /,Do/VBP you/PRP ?/.,,
sw10utt/sw_1005_2693.utt,2/sw2693,2693,336,%,B,232,1,"I like cu-, - /","I/PRP like/IN cu-/XX ,/,",,
sw10utt/sw_1005_2693.utt,2/sw2693,2693,337,sd,B,232,2,"we like Indian food, /","we/PRP like/VBP Indian/JJ food/NN ,/,",,
sw10utt/sw_1005_2693.utt,2/sw2693,2693,338,b,A,233,1,# Uh-huh. # /,Uh-huh/UH ./.,,
sw10utt/sw_1005_2693.utt,2/sw2693,2693,339,sd,B,234,1,"# {C and, } # {F uh, } I love Italian food, /","and/CC ,/, uh/UH ,/, I/PRP love/VBP Italian/JJ food/NN ,/,",,
sw10utt/sw_1005_2693.utt,2/sw2693,2693,340,b,A,235,1,# Uh-huh. # /,Uh-huh/UH ./.,,
sw10utt/sw_1005_2693.utt,2/sw2693,2693,341,%,B,236,1,"# {C and, } # {F uh, } -/","and/CC ,/, uh/UH ,/,",,
sw10utt/sw_1005_2693.utt,2/sw2693,2693,342,qy^d,A,237,1,Chinese? /,Chinese/JJ ?/.,,
sw10utt/sw_1005_2693.utt,2/sw2693,2693,343,na,B,238,1,Chinese  /,Chinese/JJ,,
sw10utt/sw_1005_2693.utt,2/sw2693,2693,344,%,B,238,2,"{C but, } -/","but/CC ,/,",,
sw10utt/sw_1005_2693.utt,2/sw2693,2693,345,sd,A,239,1,We've got a good Chinese restaurant in town. /,We/PRP 've/VBP got/VBN a/DT good/JJ Chinese/JJ restaurant/NN in/IN town/NN ./.,,
sw10utt/sw_1005_2693.utt,2/sw2693,2693,346,b,B,240,1,Yeah. /,Yeah/UH ./.,,
sw10utt/sw_1005_2693.utt,2/sw2693,2693,347,sd,A,241,1,"[ I, + I  ] really like eating there  /","I/PRP ,/, I/PRP really/RB like/IN eating/VBG there/RB",,
sw10utt/sw_1005_2693.utt,2/sw2693,2693,348,sd,A,241,2,"[ {C and, } + {C and }  ] you don't get stuffed on their food it seems. /","and/CC ,/, and/CC you/PRP do/VBP n't/RB get/VB stuffed/VBN on/IN their/PRP$ food/NN it/PRP seems/VBZ ./.",,
sw10utt/sw_1005_2693.utt,2/sw2693,2693,349,b,B,242,1,Yeah. /,Yeah/UH ./.,,
sw10utt/sw_1005_2693.utt,2/sw2693,2693,350,sd,A,243,1,"{D You know, } you can eat a whole big plate of their food, and you really don't feel like you've eaten too much. /","You/PRP know/VBP ,/, you/PRP can/MD eat/VB a/DT whole/JJ big/JJ plate/NN of/IN their/PRP$ food/NN ,/, and/CC you/PRP really/RB do/VBP n't/RB feel/VB like/IN you/PRP 've/VBP eaten/VBN too/RB much/JJ ./.",,
sw10utt/sw_1005_2693.utt,2/sw2693,2693,351,x,B,244,1,<Laughter>.,,,
sw10utt/sw_1005_2693.utt,2/sw2693,2693,352,sd,A,245,1,"You're full, {D you know, }  /","You/PRP 're/VBP full/JJ ,/, you/PRP know/VBP ,/,",,
sw10utt/sw_1005_2693.utt,2/sw2693,2693,353,sd,A,245,2,"you're satisfied, /","you/PRP 're/VBP satisfied/VBN ,/,",,
sw10utt/sw_1005_2693.utt,2/sw2693,2693,354,b,B,246,1,# Yeah. # /,Yeah/UH ./.,,
sw10utt/sw_1005_2693.utt,2/sw2693,2693,355,sd,A,247,1,# {C but } # you don't feel stuffed and miserable. /,but/CC you/PRP do/VBP n't/RB feel/VB stuffed/VBN and/CC miserable/JJ ./.,,
sw10utt/sw_1005_2693.utt,2/sw2693,2693,356,b,B,248,1,"Yeah,  /","Yeah/UH ,/,",,
sw10utt/sw_1005_2693.utt,2/sw2693,2693,357,b^r,B,248,2,yeah.  /,yeah/UH ./.,,
sw10utt/sw_1005_2693.utt,2/sw2693,2693,358,sd,B,248,3,"That's one thing that I wish we had more of, {F uh. }  /","That/DT 's/BES one/CD thing/NN that/WDT I/PRP wish/VBP we/PRP had/VBD more/JJR of/IN ,/, uh/UH ./.",,
sw10utt/sw_1005_2693.utt,2/sw2693,2693,359,sd,B,248,4,"{C Because } where we're from, [ it's, + it's  ] pretty limited,  /","Because/IN where/WRB we/PRP 're/VBP from/IN ,/, it/PRP 's/BES ,/, it/PRP 's/BES pretty/RB limited/JJ ,/,",,
sw10utt/sw_1005_2693.utt,2/sw2693,2693,360,sd,B,248,5,"{C and } it's, - /","and/CC it/PRP 's/BES ,/,",,
sw10utt/sw_1005_2693.utt,2/sw2693,2693,361,sd,B,248,6,"most of the restaurants [ are, + {F oh, } they tend to be,  ] {D you know, } American style food. /","most/JJS of/IN the/DT restaurants/NNS are/VBP ,/, oh/UH ,/, they/PRP tend/VBP to/TO be/VB ,/, you/PRP know/VBP ,/, American/JJ style/NN food/NN ./.",,
sw10utt/sw_1005_2693.utt,2/sw2693,2693,362,b,A,249,1,Uh-huh. /,Uh-huh/UH ./.,,
sw10utt/sw_1005_2693.utt,2/sw2693,2693,363,sd,B,250,1,"{C And } we don't have too many, w-, - /","And/CC we/PRP do/VBP n't/RB have/VB too/RB many/JJ ,/, w-/XX ,/,",,
sw10utt/sw_1005_2693.utt,2/sw2693,2693,364,sd,B,250,2,you have to go all the way to Dallas. /,you/PRP have/VBP to/TO go/VB all/PDT the/DT way/NN to/IN Dallas/NNP ./.,,
sw10utt/sw_1005_2693.utt,2/sw2693,2693,365,%,A,251,1,{F Um. } /,Um/UH ./.,,
sw10utt/sw_1005_2693.utt,2/sw2693,2693,366,sd,B,252,1,"{C And } {C so } it really is a treat, /","And/CC so/RB it/PRP really/RB is/VBZ a/DT treat/NN ,/,",,
sw10utt/sw_1005_2693.utt,2/sw2693,2693,367,b,A,253,1,"# {F Uh, } yeah. # /","Uh/UH ,/, yeah/UH ./.",,
sw10utt/sw_1005_2693.utt,2/sw2693,2693,368,%,B,254,1,"# {C because, } {F uh, } # -/","because/IN ,/, uh/UH ,/,",,
sw10utt/sw_1005_2693.utt,2/sw2693,2693,369,b,A,255,1,# Yeah. # /,Yeah/UH ./.,,
sw10utt/sw_1005_2693.utt,2/sw2693,2693,370,sd,B,256,1,"# {D you # know, } we don't make a [ trip, sixty-five, eighty, + {D you know, } sixty-five to eighty  ] <<sound fading>> miles.  Depending how far in Dallas it is. /","you/PRP know/VBP ,/, we/PRP do/VBP n't/RB make/VB a/DT trip/NN ,/, sixty-five/CD ,/, eighty/CD ,/, you/PRP know/VBP ,/, sixty-five/CD to/IN eighty/CD miles/NNS ./. Depending/VBG how/WRB far/RB in/IN Dallas/NNP it/PRP is/VBZ ./.",,
sw10utt/sw_1005_2693.utt,2/sw2693,2693,371,b,A,257,1,Yeah. /,Yeah/UH ./.,,
